2.26,12.28260869565217,42,0,1.0717678070068322,1
0.35,7.291666666666666,2,0,1.052799224853512,0
0.15,6.3559322033898304,1,0,1.0559320449829084,0
0.37,9.536082474226806,1,0,1.0706090927124081,0
1.47,3.4523250352278065,62,0,1.1013364791870135,4
11.38,3.541971427682157,264972,0,3.026432991027833,14189
62.26,14.629103127423104,309291,0,6.751699447631844,11319
64.49,10.795654284614226,501387,0,8.14807891845703,11011
357.12,27.29461399124114,1290084,0,9.251346588134775,13069
820.38,12.714082693145171,106138,0,20.489330291748118,3371
164.15,10.91582545319129,224776,0,43.018941879272816,6687
626.84,19.209659378208173,66861,0,32.29967594146735,6246
74.74,8.959052550824701,403262,0,38.08856964111349,6807
54.76,11.18623986272547,362106,0,37.68216133117688,20191
93.13,16.568521055347006,72471,0,26.37650012969973,1729
342.04,12.117433246773492,195868,0,14.150176048278828,2150
372.93,16.266258407264925,8912,0,11.279568672180185,285
285.88,22.677010454841117,88454,0,11.190476417541507,2584
1136.0,15.988515291832625,101241,0,18.319401741027875,7287
1824.47,19.75259321331095,63214,0,15.149202346801765,1086
1344.04,18.22968447579688,256371,0,12.750663757324125,5990
1254.23,14.301596604734854,120237,0,26.89036846160898,5453
604.01,12.68201220728448,39196,0,12.643074989318867,833
745.71,19.898547321457162,116113,0,19.674153327941916,1941
1480.44,17.675776935907344,49025,0,18.422012329101598,1059
869.64,11.373016744872176,205299,0,14.794249534606932,3707
777.38,16.856654039391028,3816,0,13.310065269470206,210
107.15,9.75731912762373,12721,0,8.587188720703121,2703
97.41,19.670442842430482,1463,0,4.257030487060548,216
54.59,12.391329020542505,12119,0,2.851853370666506,2049
35.77,8.742087640833883,32609,0,2.4859142303466824,3362
57.48,19.373104145601612,705,0,2.4621820449829115,58
36.26,10.510449578248645,21416,0,2.441539764404295,303
84.92,17.835839704276232,60438,0,3.106598854064943,3774
103.99,18.550429911876986,25451,0,3.308515548706055,540
210.77,7.726654520259695,53006,0,5.648989677429197,1068
114.47,13.585169888797902,33308,0,3.840365409851067,1888
309.61,15.38304838845911,12929,0,4.649362564086914,718
110.32,17.39624069635423,82212,0,2.0989036560058594,3116
68.68,10.707659687251525,84081,0,3.0372047424316393,7228
155.47,10.837922621122342,14484,0,4.274067878723143,889
130.62,8.762561549917487,123342,0,4.374017715454105,20616
167.27,14.175183471466587,3327,0,3.650808334350584,206
172.53,16.656529672430274,77388,30,3.281993865966797,5029
64.47,16.15425092084492,96182,30,6.600852012634272,4449
24.78,6.2875846844789525,163919,54,4.612798690795898,4813
66.3,16.77292046144505,1588821,78,4.399466514587408,9667
31.02,7.244447558326909,328874,70,4.229178428649904,29253
10.03,3.154881731253146,1100310,88,4.042410850524904,15928
48.99,14.880174953679798,223196,61,3.915038108825684,16728
56.42,17.876493140268053,120545,35,3.7353086471557595,11095
69.67,7.965289766426195,31280,57,4.178495407104495,1137
1044.4,18.757588166411633,155291,57,23.525290489196887,11892
953.37,8.846158842447311,242262,57,37.17970848083514,4504
2463.35,14.614222726366647,443007,57,31.466302871704247,8870
2203.5,14.739238884031924,290649,57,30.125670433044554,7601
3338.64,19.415879004920498,122354,0,37.93596267700213,20137
1364.93,10.523803906420467,81659,0,31.581401824951303,874
1339.49,12.23307585385589,12879,0,33.73090267181411,614
527.11,3.4542369793595076,267273,0,38.98592948913591,1102
654.22,5.029691339231624,101903,0,34.97081279754653,4185
1011.57,7.098303471998553,120803,0,36.83016300201433,6329
593.95,5.293856025298562,54591,0,23.458943367004448,1836
1853.75,12.943518430592718,45543,0,28.29876422882089,1636
2601.03,25.09411390145778,156226,0,22.254524230957088,4226
1941.33,16.144747445430298,142159,0,28.63946914672863,3879
589.21,4.9191838234066365,39737,0,29.376711845398052,385
560.22,11.223232584276415,5559,0,18.63581657409672,132
14.07,10.091085132324464,13612,0,1.0564041137695346,298
315.64,18.071268263637613,69830,0,5.143361091613772,2500
711.15,13.140146783837517,39170,0,12.152981758117702,1573
342.53,19.004527397412282,436842,0,6.785817146301267,8774
121.48,12.251525389541627,286077,0,17.10489749908448,5063
147.92,9.720770984891796,90015,0,15.722894668579096,1722
70.12,4.710561142573074,97106,0,14.0197992324829,5139
352.24,22.525627825775548,116153,0,13.764796257019047,8305
85.41,8.908102921390503,77012,0,14.208326339721678,6747
709.64,17.83709736203798,28265,0,17.4164199829102,272
303.09,12.351560398718751,20002,0,6.104707717895504,627
862.33,12.271072696069922,42494,0,17.3643207550049,3646
877.15,15.32444888589169,301908,0,9.791779518127427,7006
161.25,16.47795785730344,276550,0,6.375803947448716,7520
388.97,13.848755652081035,81798,0,3.810496330261224,2003
9.76,13.018540749633187,672,0,1.2360048294067385,20
43.01,9.317792846465478,4940,0,2.5156116485595716,236
101.9,18.65377926666301,16194,0,3.516783714294434,135
87.69,17.704779018352884,6538,0,3.0451011657714844,131
22.0,6.360587486989708,881,0,2.7808713912963854,40
64.76,15.292339661849438,1148,0,2.648649215698241,62
74.73,18.187349412251454,1473,63,2.408881187438964,106
78.69,15.413997766938945,22985,61,2.3790121078491206,2785
65.93,12.957176267122614,176,47,2.2622823715209996,358
43.68,10.755971435606993,4032,35,2.167825698852539,174
79.82,13.302003133020031,11923,30,2.2082519531249996,274
78.62,17.637689287717333,4036,44,2.6057338714599605,82
29.22,6.208962835468859,7773,77,2.1167135238647448,224
140.57,14.85563916131214,7635,78,3.105869293212892,966
108.01,8.945742469293268,1991,64,4.076228141784667,361
176.54,15.937096584907874,113016,63,6.788864135742186,2967
830.66,20.282409589131404,31804,63,11.714043617248535,1100
397.73,12.891964604064698,14423,63,11.076235771179194,1216
533.95,15.4212058548307,8838,63,15.327558517456037,1028
16.76,18.51320004418425,2132,63,0.7860374450683605,127
91.41,15.666346747103585,8744,54,2.1819448471069345,851
48.42,10.605396881023303,5104,44,1.499934196472168,1257
73.79,19.136410788381745,32442,57,1.3189172744750985,1411
61.47,16.75525390465287,27682,64,1.2972021102905256,472
108.84,20.267024188592817,8936,63,2.018952369689942,276
50.29,15.341671751067723,13049,74,1.3378858566284189,616
38.34,12.688221861865836,5982,67,1.360802650451662,329
41.36,7.119128354304008,1928,43,2.437248229980468,1222
27.27,7.031431297217853,22631,48,1.3730335235595703,659
62.06,17.139385235714876,4236,47,1.286945343017577,311
46.53,10.263819649711033,8771,50,1.7927455902099607,127
55.41,15.41907836153161,11530,74,1.259264945983887,100
109.4,18.633963549650826,11756,66,2.1304464340209965,1861
1124.45,16.217030875023077,33667,66,19.081449508667035,735
348.64,9.233882288129758,31621,66,8.269658088684073,3580
765.43,14.80244518920048,125241,66,13.433060646057225,524
596.21,11.024613581016238,17923,66,13.897619247436516,255
5.65,13.468414779499405,205,66,1.0612535476684573,8
33.21,8.638089788274463,11913,66,1.778841018676759,4035
30.15,3.8655332897419132,45073,66,2.5481843948364267,564
56.73,10.99333385008914,1382,60,2.20576286315918,369
75.38,13.536859118254466,1653,54,2.177395820617678,180
64.91,13.627965567919379,3023,38,2.2260189056396493,813
17.03,4.674590321429552,4804,29,1.751289367675781,2881
54.82,13.874266045758251,2359,26,1.7653226852417008,1168
48.22,11.363797044752905,8911,13,1.6707801818847678,7176
99.26,18.066653319014943,9772,35,1.8932533264160156,194
14.13,4.327320613726152,6815,47,1.5422058105468759,272
80.77,24.51438630569382,10989,53,1.490278244018555,494
79.73,16.18094735560336,52290,70,1.9255256652832011,995
30.59,9.726550079491256,21914,63,1.4080524444580091,451
68.81,14.260548785542571,8210,67,1.555595397949219,145
40.76,12.60319718005009,21220,74,1.3238096237182622,356
137.05,12.136158757427367,25764,67,2.585735321044922,1747
560.87,11.586331983002776,3946,67,13.323411941528306,454
348.04,14.33951069983602,73632,67,5.177950859069828,5042
8.55,13.610315186246421,465,67,1.073312759399416,15
12.06,8.031433137986149,9335,67,1.2212419509887713,1523
280.92,14.034141150727637,1397,67,3.4362316131591806,1060
74.24,15.849362737772466,68565,70,1.909260749816895,1570
73.19,16.622757210992507,34385,60,1.7261838912963852,5032
60.5,15.199095591006154,9953,41,1.5496730804443362,8113
90.41,19.992923641670906,332,21,1.8056201934814435,749
51.0,14.992503748125937,36769,14,1.4280939102172858,1561
27.84,8.718253843985844,11026,7,1.3625192642211914,2545
63.88,6.340572517568586,23961,30,2.9947185516357435,1164
56.79,8.224951481620948,17436,51,2.554707527160646,1202
57.76,9.8246330220612,4432,50,1.5691137313842787,683
41.87,5.873193996352923,33919,69,2.0434141159057604,2437
48.17,9.449544883866919,5947,69,1.5099334716796873,83
75.0,11.86408504176158,16662,74,1.4584350585937487,930
40.17,7.682157200229491,20402,75,1.4856863021850586,433
158.09,9.99140469960689,88416,70,2.995877265930176,5916
88.67,5.936583602254925,18141,75,3.816289901733398,755
52.85,2.902315262279237,57815,75,6.883664131164553,2091
122.53,3.4399310497783544,307812,75,11.344542503356935,16208
149.23,6.039108722572499,30344,75,10.218529701232919,1424
75.85,9.887760555852486,1672,84,7.49602317810059,6
141.34,18.182285971570074,13919,83,2.1740913391113312,638
25.06,7.815131291710846,17763,87,1.04593276977539,379
56.87,19.774679230849472,28927,88,0.9585571289062511,128
303.72,19.7012253264402,7905,74,3.565578460693361,429
57.43,19.361472591194122,8972,84,1.5754652023315432,53
18.27,7.175680452456698,13332,84,1.0791921615600586,332
27.62,9.512657137936973,2179,64,1.8402957916259783,233
47.46,16.70950251733972,24012,67,1.1964368820190439,416
72.77,18.54296198144939,29460,69,1.338486671447752,179
52.3,10.798645523620745,3434,69,3.8808345794677743,107
67.68,22.629396816905174,64043,94,1.1719322204589848,203
54.87,12.128379125129861,5847,88,1.3297319412231443,231
36.51,6.389457657373863,70972,78,2.8421974182128893,1427
38.99,12.637344828703856,18493,81,1.068248748779297,193
30.5,10.793403637907847,8536,61,1.123738288879394,396
33.46,7.701337261491012,502,56,1.9221782684326147,1176
31.7,11.25630281940203,8439,53,1.208152770996093,402
45.22,15.177043128041618,9690,48,1.2611103057861335,221
100.03,19.0294106456645,6092,44,1.5459823608398438,447
38.56,14.228782287822881,13505,56,1.1946773529052734,130
57.32,7.583715914954421,20624,51,2.121477127075194,2616
73.78,10.60911077878753,17858,48,3.4228420257568346,704
130.5,17.913520933424845,232687,64,2.5342798233032235,3334
45.28,10.478570767379432,9117,61,1.9572401046752934,455
69.47,9.613761226664453,59291,80,1.7079019546508774,725
371.49,24.049174278667195,149749,90,3.31563949584961,2292
625.71,19.16856858390136,36191,80,10.288610458374022,1004
86.08,13.313536253402622,14270,77,3.3107900619506836,664
65.72,18.41928251121076,37303,70,1.2363481521606454,826
62.1,15.495558438965965,5672,60,2.362489700317382,388
59.8,15.753839669116676,1875,63,1.255102157592772,85
94.34,14.288094264467569,13488,66,1.8886613845825206,1637
57.72,13.506177461624858,47429,61,1.715412139892576,1607
18.75,7.691676580383149,11195,64,1.2758731842041011,168
69.85,14.793713995255844,2220,66,2.191085815429687,295
65.74,19.713917293909493,23878,70,1.3151836395263665,695
91.44,11.955441661000995,11837,69,1.7726612091064469,1792
116.11,10.84288969407194,14128,75,4.408693313598639,408
46.81,14.773552154016095,11628,70,1.424102783203123,434
18.96,7.287822878228783,10024,66,1.1487150192260736,229
131.49,21.18278184102845,11364,61,1.6806507110595725,1103
55.46,11.848401982567083,21507,61,1.3968944549560547,1357
65.09,9.236947791164658,8109,61,1.8576335906982435,406
51.94,15.3982983012659,1170,53,1.2239456176757797,342
32.11,7.948413287786524,27658,56,1.2105560302734386,651
51.0,15.23479507707014,25705,61,1.2422275543212888,172
29.2,8.691510894154064,2652,67,1.598424911499023,81
46.79,13.436135998162186,12609,80,1.241326332092286,605
50.76,14.719016412457227,25262,81,1.1496591567993162,991
43.48,11.371184977900985,9180,80,1.2681913375854494,224
46.85,16.08197171495263,13805,70,1.2232160568237296,622
62.01,14.671714184313261,588,54,1.370716094970704,163
39.78,12.252063570284589,24249,53,1.5848636627197263,1241
31.33,10.325280954421117,15296,51,1.2706375122070308,360
17.5,8.009886488465764,10081,53,1.1918020248413081,247
33.54,9.914277268696424,3364,63,1.2181091308593746,109
52.85,10.638083735909824,2553,60,2.171945571899415,291
39.58,10.221051544261956,17980,56,1.3723897933959965,734
88.24,18.335584415584414,29033,54,1.6974306106567354,745
27.12,9.07387580299786,24747,70,1.2214565277099618,195
43.6,13.485092168749228,2584,66,1.3309764862060545,254
39.44,13.164218958611478,6022,64,1.1409473419189449,389
23.23,6.804733727810651,5508,51,1.173992156982422,1428
24.0,8.060994861115775,7107,30,1.1159276962280262,379
38.92,12.052520748172922,23753,48,1.223731040954588,360
54.55,12.472847833542927,2011,53,1.2245464324951176,246
20.91,7.83880037488285,7078,67,1.1707305908203136,211
13.28,5.263575108997225,9559,70,1.1193609237670903,235
24.73,7.270749419339665,10674,70,1.440625190734863,538
29.95,13.330069432081181,7755,69,1.1226654052734382,72
23.46,9.315808283365762,6963,69,1.2753582000732433,241
35.95,12.35013226149988,10550,69,1.1667394638061515,430
188.13,12.067815310403223,89698,67,4.781799316406251,2441
64.64,20.886648571797853,8428,77,1.5210914611816393,52
38.87,13.912452127849958,10665,67,1.2918376922607426,1046
37.37,11.603067656099606,19584,78,1.1403465270996107,185
52.25,13.714270715766819,24751,80,1.4713525772094744,565
33.12,7.786894881621328,2111,64,1.4860296249389648,1633
25.85,11.032392983654134,17744,80,1.3239812850952155,77
33.42,11.647440142194961,11804,78,1.1059713363647463,245
70.73,16.204637096774192,13699,67,1.6578197479248051,1578
76.01,22.28509440600446,34175,74,2.0793771743774423,1647
24.37,7.374122488501573,23209,63,1.176137924194336,649
22.68,9.721805478160228,4891,60,1.0837841033935551,203
32.05,13.426895684960199,2529,64,1.2928247451782235,138
97.5,23.824650571791615,5979,75,1.659622192382813,60
35.05,11.444897959183672,18753,74,1.1619329452514644,544
17.23,5.630718954248366,6850,67,1.232185363769533,367
41.75,13.283909764866841,9142,74,1.0820674896240228,299
28.65,11.196217124545703,9916,67,1.1583280563354499,118
39.71,12.948772295953304,17596,78,1.1450242996215818,287
51.98,17.075654544857265,22632,80,1.1308622360229492,877
37.74,12.483461233130457,6534,77,1.2570762634277353,190
11.11,4.289575289575289,22767,69,1.1989688873291016,557
61.33,19.245010669009663,18637,63,1.4147901535034186,321
30.57,11.015422311905448,8668,61,1.1023235321044929,278
41.7,10.903386063537718,3239,61,1.8906354904174807,298
20.43,8.253211602165306,5733,57,1.083741188049318,215
37.62,16.03785650338918,9633,60,1.1545085906982433,204
28.2,10.759662711282385,7938,69,1.0682916641235356,108
63.6,23.410755696249126,27914,87,1.1024951934814449,37
136.01,20.63540228489933,35229,90,2.864298820495607,1044
37.93,8.89957766306898,27115,88,1.7836475372314446,879
69.1,14.312641106899479,3621,70,1.5720319747924798,1260
23.25,9.703672787979965,15473,48,1.4718675613403318,640
74.74,21.53021835570663,5235,50,1.4393377304077144,273
132.92,17.043429201554066,11134,43,2.61152744293213,1035
16.39,5.323156869113349,14085,47,1.3358259201049825,398
46.04,13.021466753401024,13645,44,1.2995624542236328,783
26.88,10.1239124703401,2059,37,1.2257480621337895,110
35.07,10.600931019889972,23773,40,1.5917730331420892,363
50.62,14.78215161780166,11171,44,2.353477478027342,275
55.43,15.50272689134387,6522,57,1.664385795593263,77
47.49,13.063571094545157,4165,66,1.1678552627563477,150
21.25,8.317025440313111,5516,74,1.1224937438964848,91
56.22,18.52571918146769,12187,63,1.5624618530273453,1141
52.89,12.60816706000143,23956,61,1.3319206237792967,420
18.81,6.1530912659470065,11682,61,1.214332580566406,271
26.78,9.209395096117474,3945,43,1.3531208038330065,347
56.72,14.29615626969124,11576,51,1.2640285491943353,639
31.04,10.059305830119584,10330,50,1.1394882202148446,306
40.6,14.493270981330097,14408,41,1.3802862167358385,1608
48.88,13.21081081081081,2463,48,1.4272785186767574,323
20.7,9.345372460496613,1696,41,1.0957574844360352,213
28.53,9.081359816653936,1035,29,1.465044021606446,353
31.33,10.773727647867949,494,27,1.3834190368652342,86
35.66,9.697068581062707,11810,41,1.259007453918458,177
19.11,7.857407178981128,3852,51,1.4932823181152348,454
17.37,7.511351351351352,9906,61,1.1542081832885747,148
51.92,12.875706775121515,5937,70,1.1540365219116226,289
27.38,9.19625163738958,11844,61,1.1555814743041999,447
44.44,12.356457667176421,9897,56,1.3101625442504896,701
29.7,11.709509541081848,2310,63,1.0297536849975586,140
38.75,10.247256379743488,16862,48,2.2170066833496085,1646
25.61,13.506671589051209,7175,51,1.1000061035156252,55
4.44,2.291849481236773,1610,44,1.1065292358398446,216
23.41,9.739557330670662,3882,40,1.0948133468627934,131
22.46,11.210941399620646,7056,56,1.1053705215454102,147
60.8,9.804553957298587,19651,47,1.322736740112304,2565
35.32,4.59423249521976,869,50,1.753306388854979,108
22.09,6.385315797080502,6841,44,1.6746425628662118,253
78.08,21.568464959531504,43233,40,1.9258260726928713,1053
34.6,10.440555220277611,2793,30,2.8312110900878893,705
53.72,9.913816967169247,20991,34,3.3549499511718723,1015
55.25,10.790383375974065,16313,43,1.3997268676757812,430
58.27,11.593482023835579,797,43,1.9807577133178713,20
32.82,9.845803083938321,10693,67,1.1278152465820308,430
24.6,6.368107688325137,29923,75,1.1592721939086907,700
57.61,14.34654846100209,9452,67,1.491694450378417,676
57.53,10.314657104437472,5879,70,1.926641464233399,284
272.06,12.208814435534174,11639,60,3.693037033081056,1091
410.15,20.48148850959282,8076,60,4.279603958129887,324
107.71,10.396316744527239,12378,44,2.028694152832031,1509
44.93,13.71782737459164,6912,50,1.228280067443846,304
32.46,9.915689149560118,13807,48,1.241197586059571,218
44.4,14.052856464630478,22907,51,1.0931396484375004,451
128.39,13.707654036279,80753,74,2.0300245285034206,841
81.97,5.494520226564333,52835,70,3.5282421112060574,3685
110.32,6.728880756328149,31396,70,10.643906593322747,401
40.86,14.386310823181466,3184,88,1.9026947021484395,21
56.94,17.317518248175183,3472,81,1.4943981170654301,418
50.06,17.007542298022692,29958,78,1.1622333526611324,732
25.65,9.532835321663509,10056,77,1.2094402313232429,235
47.88,15.918611609814484,5729,64,1.4120435714721673,112
11.34,5.671701510453135,5373,66,1.1306476593017585,210
57.35,21.66440012088244,28865,64,1.1275577545166007,437
36.3,15.017375475757072,6344,66,1.2509822845458989,325
42.23,13.06944788313939,11797,54,2.3604297637939458,854
33.8,10.658089742376943,1217,56,1.2042903900146493,168
31.85,13.520971302428256,19835,63,1.104812622070313,157
50.87,19.413066707372924,20405,69,1.105928421020507,192
45.98,20.641975308641975,1928,84,1.1335659027099614,337
72.6,17.326141950264905,14166,80,1.8059206008911157,862
217.48,15.278265634440025,40856,63,3.761830329895023,1812
50.19,13.758978014145512,4283,53,2.049078941345217,96
45.15,14.378522976975255,4206,43,2.1194601058959965,757
25.26,5.308507061197042,15269,44,1.387710571289062,577
17.91,1.7600235849056605,21648,50,1.978182792663574,1358
117.57,10.922620983100922,10848,38,2.2259759902954093,4942
43.73,7.613294103309598,49311,43,1.3419198989868173,1214
51.23,8.780379117677303,40607,50,1.3253545761108398,485
95.76,9.017628446587313,100701,41,1.9019651412963876,7391
57.84,9.79409374153346,21786,47,1.7814159393310551,1234
150.94,15.40266949671415,1160,41,3.2406234741210933,399
29.62,5.353237787135603,1490,41,1.5335369110107422,33
67.1,16.06454547631018,13572,57,1.8635129928588874,473
31.96,10.60314511313118,12329,77,1.0841274261474605,376
103.34,21.38304916404569,74090,84,1.5170574188232422,1870
64.46,8.07546791611335,6754,78,2.695941925048827,438
97.96,17.67911929254647,141997,81,1.4871883392333975,958
101.99,21.39321223308302,7062,74,1.8162202835083012,286
63.72,16.51932699038187,22236,69,1.158328056335449,854
89.07,23.77863206791606,46896,83,1.745667457580567,497
95.81,16.079280367871647,12684,63,1.8339014053344735,1480
42.72,7.477028091362562,8133,60,1.7266559600830067,1515
81.83,17.956989247311828,19534,63,1.6889333724975586,702
57.18,13.680080386621368,2886,48,1.6839981079101567,172
54.53,17.206235011990408,2985,54,1.2237739562988283,150
79.26,20.24107462076715,8916,61,1.2648868560791011,549
51.28,16.71120380629603,28570,63,1.131548881530761,451
55.54,17.462663103285646,27162,77,1.0638284683227546,249
56.89,17.851763524538722,10659,83,1.1888837814331055,294
47.45,16.043956043956044,15277,80,1.8734264373779277,1191
47.43,13.39792661224259,39257,83,1.2916231155395514,91
34.54,7.592710646061859,31793,70,1.508946418762206,2662
85.5,8.414940209635354,25083,54,2.0839262008666997,1632
142.8,9.893787283573403,48407,60,6.119728088378906,3551
203.19,17.95900690289108,14869,44,3.984990119934085,1140
35.39,11.581255317756396,1698,48,1.5925884246826172,335
30.39,11.802858474444616,1607,63,1.2380647659301758,96
72.27,16.700173310225303,6260,53,1.5152978897094735,390
41.52,14.44023232358363,22562,51,1.5493297576904292,1683
30.0,9.650957053241111,11514,47,1.2117147445678713,612
35.28,15.638297872340429,9296,44,1.102280616760255,140
43.88,16.572874570381842,16504,53,1.0786342620849618,94
60.38,6.693939091584351,155357,56,1.9760799407958978,16365
51.69,17.859240576305154,15563,75,1.1942052841186535,104
42.14,13.893834487306297,20848,77,1.1502170562744147,246
116.28,16.734065364744485,6228,66,1.7496585845947266,421
58.87,6.0312679288582896,3366,63,3.2423400878906268,210
115.32,12.996438714330793,20410,53,3.881907463073731,420
81.59,12.183067044945497,44300,43,2.2881174087524414,4884
114.3,19.776455118001245,8567,53,1.814460754394532,431
42.55,6.830623023453677,9161,60,1.4756870269775393,242
59.06,19.580929646575164,40445,67,1.1648082733154304,220
c,h,a,n,g,e, ,u,s,e,r, ,s,t,a,t,u,s
c,h,a,n,g,e, ,u,s,e,r, ,s,t,a,t,u,s
c,h,a,n,g,e, ,u,s,e,r, ,s,t,a,t,u,s
43.92,13.7413178149052,11224,75,1.081295013427736,137
106.75,16.562713337057037,7510,61,1.8759155273437491,2053
21.84,6.125024539361135,7608,57,1.2972879409790041,736
28.56,7.373367067692466,10942,50,1.140217781066895,89
41.52,16.147474040368685,13681,57,1.087946891784668,57
39.38,11.905553708014633,13412,64,1.1565256118774412,326
23.51,8.864339039288138,5432,70,1.0697507858276372,43
47.49,16.94558429973238,12109,78,1.1009931564331052,183
53.6,17.771294055236893,14705,77,1.1520195007324232,119
24.32,10.99656357388316,11405,87,1.0729694366455076,90
40.59,12.502310109037149,434,80,1.4678335189819336,111
21.12,6.676783004552352,14530,74,1.1783266067504885,204
26.14,11.014663745154223,10265,64,1.109704971313476,116
47.67,18.398301813971436,16747,63,1.126742362976074,107
43.22,14.86091531135027,7400,69,1.1045551300048833,421
27.4,10.001825150574922,7007,66,1.1387157440185538,304
16.35,7.486263736263737,3127,60,1.1271715164184564,158
23.9,11.195952592870192,5968,53,1.0942554473876962,156
34.12,14.271970552557828,20968,61,1.111936569213868,151
22.81,8.463821892393321,7069,69,1.0752010345458975,55
43.03,17.753847423360977,11209,80,1.1035251617431658,229
23.49,9.529411764705882,5844,87,1.1629629135131831,181
24.96,10.359425583132731,7654,75,1.1284589767456055,270
27.51,8.643604486756528,16162,78,1.084427833557128,174
37.49,14.287347560975611,13542,83,1.128888130187989,63
40.94,17.248788708658104,12237,83,1.1135673522949223,217
50.83,18.482292196931134,10546,88,1.1159706115722647,464
26.04,9.456367796056215,4882,81,1.1412906646728516,280
26.05,9.716523685192094,13313,69,1.1136960983276363,306
34.98,13.028903456495827,11969,66,1.1024951934814455,82
17.06,6.585601235282764,12981,66,1.067605018615724,147
18.47,6.869235346623029,11771,61,1.1297893524169929,168
34.77,16.007550296947656,9988,64,1.129059791564942,99
19.98,6.960217376158294,4554,54,1.1439085006713876,267
61.09,17.997819874495484,9655,66,1.1271286010742192,158
107.83,27.75261234364544,15302,80,1.3756942749023442,139
62.08,14.517901826430627,28052,75,1.3456535339355469,775
25.96,8.043626448534425,4665,80,1.1323642730712884,317
32.85,11.315880124009645,12286,78,1.0975599288940436,112
35.82,12.182430364248548,4148,66,1.1397886276245128,215
35.95,12.227059383715396,17498,77,1.176609992980958,177
12.92,6.04868913857678,7359,78,1.05142593383789,268
35.51,11.835877608159457,15577,66,1.136484146118164,309
31.41,12.367115520907157,4830,61,1.0808229446411153,412
40.87,15.55530181928903,12083,56,1.10137939453125,124
49.71,13.228132733707657,32231,60,1.0743856430053704,273
20.83,7.8026670662271504,2460,57,1.2038183212280262,334
27.25,11.761912983425415,11910,64,1.1257982254028327,77
32.65,13.025092751426175,2301,66,1.0861444473266595,196
32.76,13.800657174151148,19310,64,1.0540866851806645,488
39.0,15.093463369325438,16232,66,1.1379432678222652,402
25.28,10.022995797319801,11093,60,1.14583969116211,630
12.25,5.184307418849719,11096,53,1.0784626007080091,278
69.13,15.567014952260852,15630,50,1.5150833129882821,1895
35.69,13.233222098628106,8301,51,1.0050773620605467,406
33.59,12.755373281689069,5012,51,1.0978174209594724,478
22.31,7.858677656838917,3405,53,1.1634778976440423,550
25.03,11.429745650486325,2174,54,1.1607313156127936,83
44.03,14.917838387260716,22210,57,1.1204767227172843,302
31.55,13.391909673585467,2722,64,1.0618972778320317,156
40.91,12.194104146174253,21960,69,1.1542081832885738,129
27.42,10.941303220142853,12255,74,1.065545082092285,117
22.61,6.676509670751512,12707,60,1.191329956054688,891
12.48,4.443178581600684,3639,44,1.139101982116699,631
38.11,10.064703552092963,5747,34,1.5135383605957038,279
21.44,10.804817819886106,2415,27,1.151161193847657,105
34.21,12.11402266288952,13133,38,1.0545587539672854,129
15.44,5.003564715794932,2609,38,1.121807098388673,424
28.8,11.389701811278968,6720,44,1.0347747802734373,106
43.02,12.823417193275308,17216,51,1.234760284423829,161
43.43,14.011033325805721,18346,53,1.0778188705444347,396
16.46,5.318770801693217,5473,60,1.1391448974609382,308
16.78,7.060803702924469,5891,61,1.1046838760375979,101
57.91,12.594332441660686,9048,60,1.2738561630249021,128
40.67,12.816714988024708,2973,47,1.6072225570678704,349
33.1,12.81703775411423,11731,53,1.0634851455688477,196
32.55,10.881556513890281,5326,51,1.108245849609375,385
26.3,9.379792431969756,10805,51,1.1363124847412123,301
40.11,10.972507180960196,2916,54,1.4993762969970699,113
55.67,11.391912908242615,35739,54,1.5465831756591801,1011
12.33,5.51283197710811,7781,51,1.1242532730102552,84
22.11,9.36785018218795,15970,54,1.1566972732543948,119
22.58,7.61500067449076,6298,66,1.07168197631836,277
29.75,7.82853534024525,25044,64,1.1666965484619145,64
32.67,11.07457627118644,4567,67,1.1295747756958006,170
29.87,9.094230476480439,17167,63,1.0905647277832031,133
13.63,5.560768634490637,5016,50,1.0867452621459972,133
32.7,11.24058987315665,13683,53,1.166267395019533,367
30.14,9.096121925456465,13933,50,1.0945558547973648,468
23.67,9.234910850142409,7848,38,1.1269998550415035,770
32.12,9.43401768144036,29193,53,1.108546257019043,80
15.6,6.103525177041355,5346,50,1.140732765197755,80
33.73,11.498994306753483,9324,64,1.0841703414916997,142
13.68,5.637052909180814,4580,69,1.1313772201538086,83
37.33,11.118722821230714,17077,66,1.1658811569213865,134
20.63,7.162697034928129,6687,66,1.1024951934814453,407
32.27,9.362850345267802,24417,57,1.152791976928711,772
38.71,10.975021972725468,13315,51,1.170129776000977,1584
50.15,13.326424319727892,25242,56,1.139659881591797,95
54.67,16.908944698750464,14620,70,1.1994838714599616,67
50.37,12.637045585689554,2894,78,1.2447166442871083,39
30.64,10.115883654131864,12411,90,1.035804748535156,170
22.68,8.792401628222525,4773,78,1.086487770080567,227
20.92,6.747734090249331,14199,67,1.1449384689331064,181
43.86,18.912509163037384,11024,69,1.1444234848022454,168
49.81,14.257499427524618,24926,67,1.0926675796508778,308
23.46,8.410410841041084,5481,74,1.1342525482177745,46
84.28,13.41995477851024,12556,74,1.3326501846313477,367
64.22,12.492948156794087,5638,63,1.5511322021484353,510
34.83,10.532522906649731,17432,66,1.0861873626709002,105
45.08,15.233846985671804,16362,74,1.1416339874267578,72
44.47,12.476153069240265,18872,77,1.1451959609985356,183
71.44,12.69999288914172,7194,78,1.4596366882324214,412
48.4,12.01559047689978,11822,77,1.2363052368164071,218
27.7,8.160499646476548,9883,64,1.1792707443237311,170
32.58,11.333356524159043,23290,67,1.1761808395385744,49
25.04,8.480373895079081,7881,66,1.1036109924316408,252
6.04,3.23582985106611,2521,54,1.116142272949219,62
14.44,4.21581221534509,8434,56,1.1316347122192383,293
13.8,4.873913964823056,7902,43,1.1302614212036133,244
51.48,15.71140816700238,35580,54,1.156654357910157,170
49.01,14.107656879677604,18157,69,1.20626449584961,165
37.8,15.096449538719597,12319,74,1.0529708862304703,127
65.7,16.03142843199453,6245,78,1.3281869888305673,140
43.99,11.42567725513623,8255,75,1.2094402313232433,128
24.32,9.243282277374481,3504,61,1.1315917968749991,155
43.4,15.02613994391164,13654,63,1.086359024047851,192
42.32,13.372515562296586,16051,64,1.1366558074951167,250
73.79,20.81699438598471,25722,74,1.0983324050903305,76
29.26,10.27063076977079,17264,81,1.1402177810668945,175
31.46,11.660921457429852,22987,77,1.1186313629150386,559
37.02,13.8082804923536,8203,84,1.107258796691895,143
23.03,9.977471622909627,4562,67,1.1532640457153318,181
36.38,13.398151217176737,6620,69,1.074128150939941,35
20.88,8.17221135029354,4571,70,1.0924100875854492,126
31.11,10.9665820642978,13714,67,1.1203908920288093,113
45.74,12.880153187654878,22373,70,1.225061416625976,208
35.75,11.270136502632324,23510,70,1.049752235412598,108
56.76,19.275962779324868,43791,75,1.1584997177124032,690
40.52,14.739905420152786,8330,66,1.1821031570434561,366
25.55,10.967077306090914,11860,60,1.0593652725219709,512
28.3,10.757593036074047,16644,54,1.0947275161743166,116
22.41,8.72052299789867,9446,51,1.1202621459960942,102
52.62,16.851881505204165,16152,61,1.0994911193847665,69
18.08,6.026666666666666,10473,64,1.1035251617431652,242
31.75,9.71245029060875,10437,60,1.1389732360839842,457
57.85,16.26096244659321,19752,70,1.2190532684326176,170
31.96,10.709020238573919,11254,64,1.074771881103515,179
17.73,7.44770225993447,4314,70,1.0636997222900395,33
31.1,9.106348090887796,1660,60,1.532764434814454,444
63.5,14.607103422892898,10505,41,1.3953924179077146,676
16.53,6.258281906636884,2986,43,1.1204338073730473,112
41.79,15.23070194620599,20717,38,1.1113357543945321,530
25.35,8.63008102403486,9443,43,1.139574050903321,603
29.37,12.395543175487465,12223,57,1.0484218597412114,60
42.81,14.58603066439523,10822,51,1.156611442565918,475
53.57,14.80734147824645,11653,56,1.1763095855712897,523
26.26,8.748667377398721,14033,56,1.1770820617675781,1362
21.23,6.9419920214505275,6047,51,1.1412477493286133,782
24.41,6.603901198495793,7312,51,1.2968587875366209,345
25.45,9.841834564368304,4313,44,1.0938692092895514,158
20.25,7.66987349443224,5336,51,1.072196960449218,335
70.35,18.249027237354085,43329,56,1.2075948715209963,742
44.98,12.158728442450126,33151,56,1.432042121887207,1479
28.04,9.541634055875047,4006,57,1.1003923416137702,85
24.2,9.252886747725015,6858,60,1.1176872253417982,220
28.09,6.998006975585451,1973,47,1.1718893051147465,236
50.91,14.699003897791249,17217,50,1.1885833740234364,234
37.47,8.960042086133097,34415,63,1.4452600479125979,344
33.36,12.319509583071754,22029,78,1.116957664489747,34
37.12,15.76220806794055,13571,87,1.0611248016357424,256
34.84,10.62162738940886,16670,83,1.1514616012573262,364
55.18,19.96960046323104,27034,80,1.1143398284912112,159
48.51,16.353706637899066,5564,67,1.1104345321655271,483
79.0,13.445206528583832,24805,74,1.4984750747680673,400
70.27,20.91431292597994,32429,88,1.1360549926757824,241
19.22,6.780019754480033,3682,78,1.116614341735841,162
42.61,18.6370992433189,9343,87,1.087603569030761,67
35.7,10.81785400442411,15136,91,1.1428785324096677,138
34.21,14.081666255042396,8283,80,1.0886335372924807,133
44.17,13.127080361388494,6112,75,1.4487361907959,476
35.04,13.445378151260504,11003,64,1.1245536804199214,149
16.65,7.472399246028185,3307,51,1.096529960632324,57
18.65,7.894179894179894,343,47,1.0968303680419929,78
28.96,10.897049969897653,9015,50,1.0930109024047843,184
51.57,7.84800109570696,3723,41,1.5756797790527346,734
36.95,11.108772773735796,9540,50,1.0827541351318353,36
36.06,10.891956383846315,7513,51,1.297030448913574,147
58.17,12.104376053436544,20143,60,1.2421417236328125,635
32.26,9.580945026877727,9287,53,1.144981384277344,825
31.13,9.498382864465734,16693,54,1.1689281463623051,212
52.79,16.053399829704414,36138,60,1.1093187332153323,382
32.28,9.990096558554097,14730,47,1.1871242523193357,407
72.74,21.475598594668003,25474,64,1.3238954544067394,662
48.16,14.973262032085561,4206,53,1.3063001632690425,134
33.44,12.496730072125267,13485,51,1.191887855529786,128
21.15,8.577685849860078,5582,53,1.0567045211791994,136
41.49,13.08626399621511,18265,48,1.1189317703247061,324
12.14,4.413422038026684,5273,51,1.1173009872436535,175
50.99,17.041542729186858,10551,56,1.1103057861328118,337
34.67,12.066685229012949,13794,64,1.126999855041504,225
28.73,8.882636655948552,13136,66,1.120219230651856,632
27.07,11.144962740335131,6252,70,1.1562681198120102,165
20.78,8.455403645833334,9741,70,1.0811662673950209,93
20.75,8.281119048569261,5225,61,1.1182451248168945,138
20.19,8.526542506017991,5610,57,1.1278152465820312,111
45.71,12.314448126296508,6319,54,1.5491580963134755,176
34.78,11.16748009247367,10392,53,1.0984182357788086,146
39.8,12.592147309140381,7004,57,1.0877323150634766,614
33.62,10.920548301175858,10376,61,1.1094045639038088,603
52.68,12.212820215602179,12970,54,1.4482212066650397,543
29.63,10.133032386033308,18339,50,1.076016426086426,879
37.47,13.219262656553182,22216,57,1.1271286010742196,209
34.53,11.631353791221748,22598,60,1.1419773101806647,204
43.42,14.438200379077582,18400,64,1.120176315307617,618
33.26,12.065588043241675,13859,67,1.0872173309326165,270
23.94,9.520779479021675,9455,66,1.0641717910766593,129
78.41,19.303298867552932,17197,57,1.6657590866088854,2763
19.69,8.17181987964308,10483,56,1.1159276962280273,240
30.13,11.370669484489394,6589,56,1.1022377014160154,122
53.8,14.219262078443812,43645,54,1.1392307281494134,216
30.97,9.24753657808301,18268,64,1.1017656326293948,329
42.98,16.104616306954437,8470,61,1.2169504165649403,869
64.47,10.177598863367274,9650,66,1.4712667465209945,65
37.18,10.545423603823352,26036,66,1.160302162170411,495
36.65,13.336001746597773,10150,53,1.13858699798584,1094
8.35,2.421763972272978,12806,44,1.1342954635620126,1178
19.3,5.642120033911187,6275,43,1.2517976760864264,798
40.28,10.868274782796396,15824,29,1.146912574768068,1200
44.89,13.697250785707746,16439,37,1.1952781677246092,962
29.23,10.931598040315645,10104,44,1.10137939453125,340
30.0,11.955525445343323,7661,38,1.1375999450683594,94
31.48,12.191626970295497,9807,47,1.0886764526367183,177
15.84,7.71290840921264,9857,50,1.1141681671142571,82
9.08,4.8694159918485544,3597,57,1.0540008544921882,103
27.83,10.120736053531164,4240,60,1.0960149765014653,97
28.54,10.376672484002327,4250,61,1.130390167236328,184
31.18,13.193974272173325,3240,53,1.0840415954589853,342
35.29,12.559165806612334,21918,57,1.1056280136108398,175
23.43,7.982692242172328,18011,60,1.117215156555177,159
39.41,18.557235014361726,10213,64,1.1151981353759775,99
20.19,6.9822935399087,9484,78,1.1356258392333984,117
25.46,9.48407524678711,12208,70,1.1116790771484366,302
23.64,8.843664659010138,2563,64,1.1267423629760747,223
34.22,14.31260194905684,7631,56,1.0501813888549816,421
48.32,15.12079108774565,25436,57,1.104598045349122,247
32.41,11.153938809925318,10485,64,1.1686706542968737,140
13.4,5.591720914705391,4478,63,1.1122369766235345,88
39.91,14.128433871424523,20321,77,1.1448097229003902,154
17.9,5.946843853820598,14884,77,1.0990619659423828,207
50.17,17.654303610387785,24474,77,1.0887193679809575,97
26.57,11.767050487156776,5866,96,1.1008214950561523,82
22.36,7.646535804664524,7898,100,1.1268281936645521,83
33.21,13.61511971138078,14070,93,1.0776901245117192,179
45.7,14.596908138494952,19080,87,1.1194896697998047,131
72.69,19.306772908366536,2812,63,1.397495269775391,177
22.67,7.190890058998923,9545,47,1.2477207183837895,375
52.38,18.884522478999173,16078,56,1.1054992675781263,134
28.46,8.340904428357904,10822,53,1.1222362518310558,254
4.59,0.9645288728250819,4221,50,1.2898635864257815,265
32.85,12.068332108743569,3127,56,1.0679912567138674,152
101.25,18.416457492087744,5496,37,1.6967439651489256,378
31.4,9.515439861813995,9813,34,1.0208702087402344,438
29.19,10.67198011114361,9543,43,1.1079883575439442,131
16.43,7.7955968874549235,11137,50,1.1100053787231456,50
33.1,12.839410395655545,10056,64,1.1302614212036142,77
49.78,14.702581369248035,15859,66,1.1672115325927739,322
35.04,11.809908998988877,6340,66,1.0974740982055673,330
34.05,10.67297746293452,8161,61,1.0785484313964848,102
33.21,13.970217062089855,9464,54,1.160817146301271,211
55.36,16.496811490553668,22191,66,1.0912942886352535,113
19.85,9.529524723955832,3642,70,1.1023664474487305,25
16.26,8.458177278401998,9911,64,1.0737848281860358,273
42.36,13.11292719167905,4705,60,1.5432357788085922,515
23.92,9.312828499124002,6439,53,1.1382865905761728,26
24.29,11.031381988282847,4524,48,1.0694503784179696,86
20.6,8.370240949169071,9109,56,1.088504791259766,101
27.87,10.526912181303116,14991,61,1.1085462570190436,212
55.06,18.88591616930782,37659,70,1.1194467544555677,164
37.57,11.216934376306204,15137,69,1.0912513732910167,571
32.1,10.357177427160973,7945,64,1.1339092254638679,247
36.5,12.24421335122442,22911,67,1.1000919342041016,280
36.13,10.90453626294027,20992,60,1.129531860351563,336
52.03,14.067865350817899,2166,60,1.4630270004272463,110
25.66,9.239854524503977,5949,50,1.0910367965698247,557
42.09,13.724403286813619,18681,51,1.1604738235473622,463
27.84,9.167242912180182,9686,41,1.1535215377807626,361
32.1,10.101010101010102,26742,48,1.0456323623657229,402
25.79,10.675110724781653,2188,57,1.1236953735351571,158
42.17,13.94741193980486,12377,54,1.130433082580567,302
15.24,6.9031118358472625,7418,64,1.065287590026856,59
11.6,5.318173482486705,757,43,1.0873889923095696,189
16.13,5.2336145360155735,5833,29,1.1460971832275388,543
37.17,11.260565300372626,16415,30,1.1048126220703127,333
13.97,5.256226954624126,3151,17,1.3804149627685545,229
32.27,11.346694796061886,10296,41,1.1009931564331064,114
32.48,12.65931324784659,5649,54,1.1003923416137702,174
29.05,10.463566617440478,7832,50,1.10532760620117,337
12.35,5.2868150684931505,2522,50,1.0872173309326174,133
82.6,14.61171059614364,3970,40,1.6669607162475593,347
42.58,14.018568512543622,28957,40,1.083698272705079,408
36.45,11.062215477996967,13751,37,1.1174726486206066,515
20.59,7.369890471758894,10571,44,1.0878181457519538,253
24.24,12.329603255340793,3441,50,1.1346817016601558,169
40.78,12.689028564316388,6778,54,1.0944700241088863,238
23.59,8.868087665877223,5596,60,1.014261245727539,287
45.13,14.344744286577033,15072,66,1.2067365646362305,120
18.42,6.730488161356331,11954,70,1.1253690719604488,283
45.13,16.28418849678863,27216,70,1.1368274688720708,230
28.22,10.856769130150425,5104,74,1.0936975479125974,377
30.77,10.533342462001917,13974,64,1.1076879501342771,164
27.57,10.015257192676549,7636,57,1.0937833786010744,332
31.36,10.405468179706682,7227,54,1.1696577072143555,100
11.69,3.744634505733871,3168,50,1.0838270187377927,154
13.5,4.349366925480847,9783,38,1.1087608337402344,646
46.26,14.752686800395445,26850,37,1.1518049240112298,1172
45.24,10.303126921587829,21512,27,1.3785696029663086,1234
48.42,13.198855117895597,20459,30,1.239352226257323,1073
35.44,10.826332671452572,10621,40,1.1560964584350588,244
27.08,9.318330408451187,8878,57,1.0888051986694331,54
27.21,10.350336642702272,15165,61,1.1391878128051747,264
28.69,8.76485503925702,13088,63,1.1276006698608407,61
66.27,15.91078245420278,49827,64,1.1398744583129876,1296
14.61,5.185632143110669,14884,50,1.1292314529418934,399
49.11,10.958384469485663,1680,35,1.365866661071778,338
18.65,6.135070232573439,4625,43,1.1366558074951176,756
17.43,4.393083980239944,37978,50,1.140861511230468,604
35.51,8.708126931188385,6981,48,1.1864805221557608,982
42.99,11.595727463990938,43834,56,1.2248039245605464,2317
30.42,8.605131396565868,19542,40,1.2084960937499998,738
71.61,17.91817840610534,5658,43,1.275014877319337,98
31.87,9.649972748743414,4357,43,1.1643362045288081,161
31.81,12.034199674649111,7874,54,1.1073017120361335,73
19.68,9.079165897767115,9742,66,1.1012077331542964,58
46.93,11.83576706766538,1467,50,1.3556098937988288,259
25.46,10.258683213796438,9635,56,1.1037826538085935,205
33.07,12.5588637399362,4151,47,1.1121082305908192,371
32.65,13.610972152743036,15332,47,1.1258411407470703,176
13.5,4.939626783754117,13009,57,1.0279083251953125,82
44.39,12.93377232598118,14484,60,1.1509895324707027,395
38.14,8.047432164408997,24079,60,1.2664747238159186,413
25.92,9.872405256141688,13595,63,1.0519409179687498,125
27.0,11.167176772272315,11018,53,1.1348533630371087,305
26.14,9.726511627906977,10899,47,1.1267852783203132,68
31.78,8.597089217118434,25403,50,1.1549377441406252,467
40.29,11.922587518125056,13575,53,1.1170864105224605,129
21.92,7.144486815944721,6957,56,1.1058855056762709,528
30.69,12.149643705463182,4920,57,1.131033897399904,217
56.28,14.107384569108136,30901,67,1.1287593841552723,232
32.5,9.189617146411809,8472,53,1.1486291885375979,389
28.89,9.909786299866225,6646,30,1.1992263793945315,2604
29.17,15.106944947951733,4597,35,1.089234352111816,172
40.23,11.903071187644237,9486,23,1.1321926116943355,560
49.21,15.312091604953636,2735,26,1.2554454803466797,62
20.9,6.345447369220025,5558,35,1.4405822753906254,835
30.17,10.01061782467317,20977,47,1.1129236221313477,103
30.74,11.57641033365971,7484,50,1.0544300079345694,480
39.11,12.60555662992329,16020,54,1.1004352569580074,249
16.3,7.313352476669061,1633,61,1.1261844635009775,136
34.52,12.178085091370916,17625,51,1.1530065536499032,155
41.34,15.215311004784688,7701,57,1.090307235717772,112
28.08,11.558409483823166,2995,50,1.1004352569580083,230
40.06,16.49442088360028,6147,67,1.0927963256835942,101
30.2,9.417194175060024,5962,51,1.2122297286987294,641
25.09,9.322978596908442,4667,43,1.1051988601684564,493
29.33,8.125554078014183,2554,44,1.3796854019165037,126
41.42,12.210724919666283,6888,34,1.1992263793945297,433
41.86,14.65942917177377,33639,48,1.1185884475708021,669
27.77,11.004557162670894,10665,48,1.1182880401611326,77
18.02,6.660260201064459,3744,50,1.1342954635620117,134
24.19,9.012667660208646,10507,53,1.1132240295410156,325
35.03,11.120281895812832,21905,56,1.081337928771972,111
19.75,7.219358847826881,6809,54,1.1471271514892583,419
59.79,17.009473414696593,32103,63,1.1129236221313485,116
26.79,8.087791329549571,42463,75,1.1336517333984375,191
17.01,6.460802187784869,6139,56,1.1170434951782242,978
41.98,12.240494518311174,10938,60,1.152877807617187,495
21.51,6.638274233867235,16403,50,1.1370420455932624,466
45.03,17.102164830991263,1322,43,1.0779047012329104,387
81.65,17.538018730131455,43405,53,1.610398292541504,2019
26.17,9.628049004819543,5786,44,0.996408462524415,426
25.45,6.748157183008963,16028,48,1.231241226196289,1650
37.88,8.637555580891574,36166,37,1.3828611373901354,2251
39.29,11.94224924012158,15603,38,1.2396955490112307,1335
41.9,14.628866699252846,18974,50,1.1663103103637704,228
57.51,20.062794348508636,29295,56,1.1289739608764646,353
21.56,7.481694832911129,11445,64,1.12133502960205,114
11.71,4.642772183014828,24987,74,1.0890626907348626,240
39.52,14.955534531693473,6734,77,1.096272468566895,160
78.59,19.865524127297085,30054,77,1.2002563476562507,668
20.61,8.930970230099234,6828,70,1.0905647277832047,152
30.49,9.7216465261614,14900,74,1.0979461669921875,166
40.87,15.82575024201355,18679,66,1.0961866378784186,238
38.47,15.111757080567232,27882,67,1.1239099502563477,232
30.17,9.138824099597128,10100,69,1.1122369766235352,396
12.84,4.738182220746153,11910,66,1.0975599288940436,85
35.26,12.978981852983399,11310,70,1.151547431945801,291
42.86,14.336366069039336,10819,67,1.2275075912475581,197
22.14,8.141202426916713,23358,77,1.0079956054687507,123
36.09,11.085854707418216,14210,75,1.0982894897460942,405
34.99,12.199714096440152,11192,61,1.088247299194335,725
38.61,10.833637307444093,36672,60,1.138157844543457,815
28.02,10.861728107919525,7302,48,1.0653305053710935,249
104.78,15.720694363175348,35239,37,1.514310836791992,1390
30.92,9.114759897414732,9385,29,1.1357116699218759,2084
20.63,6.621092496309133,4717,16,1.1311197280883785,822
44.03,13.006617038875104,17027,16,1.1907720565795896,832
54.09,16.721798002905988,9775,34,1.064257621765136,315
26.42,8.780325689597875,3005,50,1.1793994903564455,616
41.15,13.795762370926647,22160,60,1.126613616943361,262
119.98,21.136635895990413,10791,61,1.6671752929687498,285
21.56,7.107301796604581,9209,48,0.993018150329591,306
8.19,3.8828047219456687,2803,50,1.1399173736572266,138
71.3,20.024152554273034,11972,61,1.1799144744873038,303
30.73,9.998047891723063,7741,60,1.0601377487182622,222
34.52,14.189411377836239,6824,75,1.1265707015991218,70
27.62,11.04181658271368,5984,67,1.1214637756347663,211
26.51,8.524938096922533,19768,60,1.1153268814086907,207
34.97,11.356108332792102,4343,67,1.3795566558837884,58
23.62,9.037688922900324,25361,69,1.1269140243530276,90
25.81,10.326891529628297,3630,69,1.077003479003906,198
20.01,7.488211960182621,10643,67,1.1048126220703127,187
50.37,13.124706863307104,17030,67,1.3683557510375974,1062
69.81,14.454313932542393,8387,61,1.3427782058715807,289
33.76,11.62254277550177,14769,54,1.284327507019043,1072
59.25,20.18601798855274,28875,60,1.2063503265380864,278
41.58,13.273743016759775,12158,57,1.1284160614013679,280
c,h,a,n,g,e, ,u,s,e,r, ,s,t,a,t,u,s
c,h,a,n,g,e, ,u,s,e,r, ,s,t,a,t,u,s
c,h,a,n,g,e, ,u,s,e,r, ,s,t,a,t,u,s
50.34,10.938959994784764,10976,56,1.3212776184082047,989
45.84,13.09751707191634,29723,67,1.1914157867431647,355
